HLA,assigned_cluster,best_match,similarity
HLA-A*02:12,0,HLA-B*15:01,0.9956988379697934
HLA-A*02:16,2,HLA-B*15:02,0.9970595886634636
HLA-A*02:17,0,HLA-A*24:13,0.9911109471397321
HLA-A*02:19,2,HLA-B*57:01,0.995779800612843
HLA-A*02:50,1,HLA-A*02:01,0.9980873646731998
HLA-A*03:02,0,HLA-C*07:04,0.9594822722890928
HLA-A*03:19,2,HLA-A*30:01,0.9643555912874089
HLA-A*24:03,2,HLA-B*57:01,0.9952457789060509
HLA-A*24:06,0,HLA-A*24:13,0.9978374506008341
HLA-A*26:02,2,HLA-B*15:02,0.9976177635711229
HLA-A*26:03,2,HLA-B*15:02,0.9936903283815803
HLA-A*29:01,2,HLA-A*29:02,0.9913954298902823
HLA-A*30:03,0,HLA-C*12:02,0.7754910396666578
HLA-A*30:04,2,HLA-A*30:01,0.9824173757395939
HLA-A*32:07,0,HLA-B*46:01,0.9709587164114191
HLA-A*32:15,0,HLA-B*46:01,0.9775028397562792
HLA-A*66:02,2,HLA-A*31:01,0.9710699729497067
HLA-A*68:23,0,HLA-A*25:01,0.9677910114645227
HLA-A*69:01,2,HLA-B*58:01,0.9942351423514799
HLA-A*80:01,2,HLA-B*15:02,0.9956930446784501
HLA-B*07:01,1,HLA-B*27:06,0.9781205590929893
HLA-B*08:02,2,HLA-B*15:02,0.9878337521860379
HLA-B*08:03,2,HLA-B*15:02,0.9921582300233326
HLA-B*14:01,0,HLA-B*46:01,0.9444607238458894
HLA-B*14:03,0,HLA-B*08:01,0.9648981367884524
HLA-B*15:09,2,HLA-B*15:02,0.9906816143141055
HLA-B*15:11,0,HLA-B*52:01,0.9909409009206354
HLA-B*15:16,0,HLA-C*12:03,0.9801301750212802
HLA-B*18:03,0,HLA-B*58:02,0.9535628556789829
HLA-B*27:03,0,HLA-B*51:01,0.9956062714811712
HLA-B*27:20,0,HLA-B*46:01,0.9780227430796675
HLA-B*35:02,1,HLA-B*07:02,0.9924420431357864
HLA-B*39:24,1,HLA-B*39:06,0.9928797326847678
HLA-B*40:13,0,HLA-B*46:01,0.9753569822684974
HLA-B*41:03,1,HLA-B*53:01,0.9875556578343923
HLA-B*41:04,0,HLA-B*35:08,0.9753384016427957
HLA-B*42:02,1,HLA-B*27:04,0.9788821238853972
HLA-B*44:08,0,HLA-C*06:02,0.9761369261627605
HLA-B*44:27,1,HLA-B*53:01,0.9970307320726775
HLA-B*44:28,1,HLA-B*40:06,0.9985257703003967
HLA-B*47:01,0,HLA-B*37:01,0.96133322542619
HLA-B*48:01,2,HLA-B*15:02,0.9978293122114787
HLA-B*57:02,2,HLA-B*58:01,0.9854640609347639
HLA-B*73:01,1,HLA-B*27:01,0.9965065969675077
HLA-B*81:01,0,HLA-C*12:03,0.9630093455525929
HLA-B*83:01,0,HLA-B*46:01,0.9757902942757902
HLA-C*03:01,0,HLA-C*12:03,0.9873232649072745
HLA-C*12:04,0,HLA-C*12:03,0.9792048659372534
HLA-C*15:05,0,HLA-C*12:02,0.9885664085388828
